{
  "timestamp": "2025-08-01T10:36:58.533578",
  "files_processed": 28,
  "cache_entries_created": 28,
  "errors": [],
  "performance_metrics": {
    "total_time": 0.5954189300537109,
    "files_per_second": 28.0,
    "cache_hit_rate": 0.9642857142857143,
    "cache_hits": 27,
    "cache_misses": 1,
    "total_requests": 28,
    "estimated_performance_improvement": 0.48214285714285715
  }
}